,idno,author-name,title,year,genre,form,decade
tc0797,tc0797,Voltaire,Socrate,1759,Tragédie,prose,1750s
tc0317,tc0317,Diderot,Le père de famille,1760,Comédie,prose,1760s
tc0408,tc0408,Regnard,Le marchand ridicule,1695,Comédie,prose,1690s
tc0791,tc0791,Voltaire,Les pélopides ou atree et thyeste,(non représentée),Tragédie,vers,(non représentée0s
tc0078,tc0078,Boissy,La vie est un songe,1732,Comédie héroïque,vers,1730s
tc0122,tc0122,Carmontelle,À bon chat bon rat,1768,Proverbe,prose,1760s
tc0536,tc0536,Marivaux,La seconde suprise de l'amour,1727,Comédie,prose,1720s
tc0104,tc0104,Boyer,Tyridate,1648,Tragédie,vers,1640s
tc0085,tc0085,Boursault,Germanicus,1673,Tragédie,vers,1670s
tc0391,tc0391,Florian,Le bon ménage,1782,Comédie,prose,1780s
tc0396,tc0396,Folard,Thémistocle,1681,Tragédie,vers,1680s
tc0322,tc0322,Dorat,Le célibataire,1775,Comédie,vers,1770s
tc0266,tc0266,Dancourt,Divertissement de sceaux,1705,Comédie-ballet,vers,1700s
tc0023,tc0023,Archambault,Janot chez la dégraisseur,1779,Proverbe,prose,1770s
tc0443,tc0443,La calprenede,Le clarionte ou le sacrifice sanglant,1636,Tragi-comédie,vers,1630s
tc0783,tc0783,Voltaire,La mort de césar,1743,Tragédie,vers,1740s
tc0069,tc0069,Boissy,L'auteur superstitieux,1732,Comédie,vers,1730s
tc0329,tc0329,Dorneval,Les amours de nanterre,1718,opéra comique,mixte,1710s
tc0559,tc0559,Molière,L'école des femmes,1661,Comédie,vers,1660s
tc0690,tc0690,Rochon  de chabannes,Hereusement,1762,Comédie,vers,1760s
tc0033,tc0033,n.av.,Mascarade de la foire saint-germain,1685,Mascarade,vers,1680s
tc0679,tc0679,Regnard,Le légataire universel,1704,Comédie,vers,1700s
tc0587,tc0587,Nadal,Hérode,1709,Tragédie,vers,1700s
tc0705,tc0705,Rotrou,Venceslas,1647,Tragi-comédie,vers,1640s
tc0770,tc0770,Voltaire,Charlot ou la comtesse de givry,1767,Pièce dramatique,vers,1760s
tc0484,tc0484,Legouvé,Laurence et orzano,(inconnue),Tragédie,vers,(inconnue0s
tc0091,tc0091,Boursault,Le portrait du peintre,1663,Comédie,vers,1660s
tc0057,tc0057,Biancolelli,Arlequin gentilhomme par hasard,1708,Comédie,mixte,1700s
tc0320,tc0320,Donneau de visé,La vengeance des marquis,1663,Comédie,prose,1660s
tc0763,tc0763,Villiers,Le festin de pierre ou le fils criminel,1659,Tragi-comédie,vers,1650s
tc0199,tc0199,Corneille,L'amour à la mode,1651,Comédie,vers,1650s
tc0496,tc0496,Le vayer de boutigny,Le grand sélim ou le couronnement tragique,1644,Tragédie,vers,1640s
tc0358,tc0358,Regnard,La suite de la foire saint-germain,1696,Comédie,mixte,1690s
tc0114,tc0114,Campistron,Alcibiade,1685,Tragédie,vers,1680s
tc0490,tc0490,Le mierre,Guillaume tell,1766,Tragédie,vers,1760s
tc0683,tc0683,Regnard,Sapor,(non représentée),Tragédie,vers,(non représentée0s
tc0065,tc0065,Boisrobert,L'amant ridicule,1655,Comédie,vers,1650s
tc0557,tc0557,Molière,Don garcie de navarre,1661,Comédie,vers,1660s
tc0661,tc0661,Racine,Phèdre,1677,Tragédie,vers,1670s
tc0068,tc0068,Boissy,L'apologie du siècle,1734,Comédie,vers,1730s
tc0375,tc0375,Du ryer,Alcionée ou le combat de l'honneur et de l'amour,1639,Tragédie,vers,1630s
tc0589,tc0589,Nadal,Osarphis ou moïse,(non représentée),Tragédie,vers,(non représentée0s
tc0259,tc0259,Dancourt,Colin-maillard,1701,Comédie,prose,1700s
tc0628,tc0628,Pradon,Tamerlan ou la mort de bajazet,1676,Tragédie,vers,1670s
tc0361,tc0361,Corneille,Monsieur de bievre,n.av.,Comédie,mixte,n.av0s
tc0440,tc0440,Imbert,L'inauguration du théâtre français,1782,Comédie,vers,1780s
tc0190,tc0190,Corneille,Sophonisbe,1663,Tragédie,vers,1660s
tc0429,tc0429,Gueullette,Le marchand de merde,1720,Parade,prose,1720s
tc0530,tc0530,Marivaux,Le père prudent et équitable,1706,Comédie,vers,1700s
tc0593,tc0593,Nivelle de la chaussée,École des amis,1737,Comédie,vers,1730s
tc0289,tc0289,Dancourt,Le moulin de javelle,1696,Comédie,prose,1690s
tc0133,tc0133,Carmontelle,L'écrivain des charniers,1768,Proverbe,prose,1760s
tc0062,tc0062,Blanc,Les druides,1772,Tragédie,vers,1770s
tc0579,tc0579,Molière,Sganarelle ou le cocu imaginaire,1660,Comédie,vers,1660s
tc0217,tc0217,Corneille,Les illustres ennemis,1655,Comédie,vers,1650s
tc0130,tc0130,Carmontelle,Le chanteur italien,1768,Proverbe,prose,1760s
tc0377,tc0377,Du ryer,Argenis et poliarque ou théocrine,1630,Tragi-comédie,vers,1630s
tc0030,tc0030,Aure,Geneviève ou l'innocence reconnue,n.av.,Tragédie,vers,n.av0s
tc0609,tc0609,Patrat,L'heureuse erreur,1783,Comédie,prose,1780s
tc0087,tc0087,Boursault,Marie stuard,1683,Tragédie,vers,1680s
tc0181,tc0181,Corneille,Nicomède,1651,Tragédie,vers,1650s
tc0581,tc0581,Molière,Le tartuffe ou l'imposteur,1664,Comédie,vers,1660s
tc0781,tc0781,Voltaire,Mariamne,1724,Tragédie,vers,1720s
tc0074,tc0074,Boissy,L'homme du jour,(inconnue),Comédie,vers,(inconnue0s
tc0760,tc0760,Vadé,La veuve indécise,1759,Opéra comique,mixte,1750s
tc0017,tc0017,Anseaume,Cendrillon,1759,Comédie,mixte,1750s
tc0081,tc0081,Boursault,La comédie sans titre,1683,Comédie,vers,1680s
tc0086,tc0086,Boursault,Le jaloux endormi,1662,Comédie,vers,1660s
tc0051,tc0051,Beys,Céline ou les frères rivaux,1633,Tragi-comédie,vers,1630s
tc0404,tc0404,Gilbert,Rodogune,1645,Tragi-comédie,vers,1640s
tc0691,tc0691,Romagnesi,La rancune,1755,Comédie,vers,1750s
tc0668,tc0668,Regnard,Attendez-moi sous l'orme,1694,Comédie,prose,1690s
tc0159,tc0159,Chevreau,L'avocat dupé,1637,Comédie,vers,1630s
tc0608,tc0608,Palissot de montenoy,Les tuteurs,1760,Comédie,vers,1760s
tc0243,tc0243,Cubières-palmézeaux,La fête séculaire de corneille,(inconnue),Apologie,vers,(inconnue0s
tc0201,tc0201,Corneille,Bérénice,1657,Tragédie,vers,1650s
tc0112,tc0112,Campistron,Acis et galatée,1686,Pastorale héroïque,vers,1680s
tc0686,tc0686,Regnard,Les vendanges,(non représentée),Comédie,mixte,(non représentée0s
tc0572,tc0572,Moliere,Le médecin volant,1660,Farce,prose,1660s
tc0570,tc0570,Molière,Le mariage forcé,1664,Comédie-ballet,prose,1660s
tc0607,tc0607,Palissot de montenoy,Les philosophes,1760,Comédie,vers,1760s
tc0520,tc0520,Marivaux,La femme fidèle,1750,Comédie,prose,1750s
tc0180,tc0180,Corneille,La mort de pompée,1642,Tragédie,vers,1640s
tc0149,tc0149,Chabanon,Le faux noble,1788,Comédie,vers,1780s
tc0178,tc0178,Corneille,Mélite,1642,Comédie,vers,1640s
tc0187,tc0187,Corneille,Pulchérie,1672,Comédie héroïque,vers,1670s
tc0802,tc0802,n.av.,Les forces de l'amour et de la magie,1678,Divertissement,prose,1670s
tc0725,tc0725,Scarron,La fausse apparence comédie,1662,Tragi-comédie,vers,1660s
tc0451,tc0451,La chapelle,Zaïde,1681,Tragédie,vers,1680s
tc0064,tc0064,Bohaire-dutheil,Le siège de paris,(inconnue),Tragédie,vers,(inconnue0s
tc0493,tc0493,Lesage,Crispin un rival de son maitre,1707,Comédie,prose,1700s
tc0638,tc0638,Quinault,Cadmus et hermione,1673,Opéra,vers,1670s
tc0466,tc0466,La fosse,L'école de la raison,1739,Comédie,vers,1730s
tc0505,tc0505,Mairet,Sophonisbe,1629,Tragédie,vers,1620s
tc0761,tc0761,Viau,Pyrame et thisbé,1617,Tragédie,vers,1610s
tc0316,tc0316,Diderot,Le fils naturel ou les épreuves de la vertu,1757,Tragi-comédie,prose,1750s
tc0655,tc0655,Racine,Bérénice,1670,Tragédie,vers,1670s
tc0291,tc0291,Dancourt,L'opérateur barry,1702,Comédie,prose,1700s
tc0139,tc0139,Carmontelle,Le petit poucet,(inconnue),Proverbe,prose,(inconnue0s
tc0403,tc0403,Genest,Pénélope,1684,Tragédie,vers,1680s
tc0545,tc0545,Mercier,L'habitant de la guadeloupe,1782,Drame,prose,1780s
tc0511,tc0511,Marivaux,La commère,1741,Comédie,prose,1740s
tc0399,tc0399,Fuzelier,Orphée,1716,Divertissement,vers,1710s
tc0503,tc0503,Magnon,Tamerlan,1644,Tragédie,vers,1640s
tc0420,tc0420,Gueullette,Arlequin-pluton,1719,Comédie,prose,1710s
tc0766,tc0766,Voltaire,Agathocle,1779,Tragédie,vers,1770s
tc0299,tc0299,Dancourt,Les vacances,1697,Comédie,prose,1690s
tc0598,tc0598,Ouville,L'absent chez soi,1642,Comédie,vers,1640s
tc0792,tc0792,Voltaire,Rome sauvée ou catilina,1750,Tragédie,vers,1750s
tc0648,tc0648,Quinault,Thésée,1675,Tragédie en musique,vers,1670s
tc0441,tc0441,n.av.,Pradon,1799,Pastorale,mixte,1790s
tc0338,tc0338,Dufresny,La coquette de village ou le lot supposé,1715,Comédie,vers,1710s
tc0793,tc0793,Voltaire,Samson,(non représentée),Opéra,vers,(non représentée0s
tc0746,tc0746,Sommerive,Bajazet,1737,Tragédie,vers,1730s
tc0370,tc0370,Durant,Pour un plaisir mille douleurs,(inconnue),Proverbe,prose,(inconnue0s
tc0547,tc0547,n.av.,À bas molière,1809,Pièce,mixte,1800s
tc0227,tc0227,Corneille,Théodat,1672,Tragédie,vers,1670s
tc0737,tc0737,Scudery,Le prince déguisé,1635,Tragi-comédie,vers,1630s
tc0639,tc0639,Quinault,Le docteur de verre,1689,Comédie,vers,1680s
tc0269,tc0269,Dancourt,L'été des coquettes a la mode,1690,Comédie,prose,1690s
tc0185,tc0185,Corneille,La place royale ou l'amoureux extravagant,1634,Comédie,vers,1630s
tc0202,tc0202,Corneille,Le berger extravagant,1652,Pastorale,vers,1650s
tc0769,tc0769,Voltaire,Brutus,1730,Tragédie,vers,1730s
tc0177,tc0177,Corneille,Médée,1635,Tragédie,vers,1630s
tc0653,tc0653,Racine,Athalie,1691,Tragédie,vers,1690s
tc0141,tc0141,Carmontelle,La recommandation,1768,Proverbe,prose,1760s
tc0113,tc0113,Campistron,Adrien,1690,Tragédie,vers,1690s
tc0360,tc0360,Dumaniant,Le dragon de thionvile,1786,Fait historique,prose,1780s
tc0351,tc0351,Dufresny,Le négligent,1692,Comédie,prose,1690s
tc0326,tc0326,Dorimond,L'école des cocus ou la précaution inutile,(inconnue),Comédie,mixte,(inconnue0s
tc0365,tc0365,Durant,À laver la tête d'âne on y perd sa lessive,(non représentée),Proverbe,prose,(non représentée0s
tc0778,tc0778,Voltaire,Les guèbres ou la tolérance ,(non représentée),Tragédie,vers,(non représentée0s
tc0155,tc0155,n.av.,Molière chez ninon ou la lecture de tartuffe,1802,Comédie,vers,1800s
tc0438,tc0438,Hoffmann,Phèdre,1786,Opéra,vers,1780s
tc0156,tc0156,Chazet,Arlequin journaliste,1797,Comédie,mixte,1790s
tc0029,tc0029,Aure,Dipné,n.av.,Tragédie,vers,n.av0s
tc0703,tc0703,Rotrou,Le véritable saint genest,1646,Tragédie,vers,1640s
tc0336,tc0336,Dufresny,Les adieux des officiers,1693,Comédie,mixte,1690s
tc0257,tc0257,Dancourt,Le charivari,1697,Comédie,prose,1690s
tc0755,tc0755,Tristan l_hermite,Osman,1646,Tragédie,vers,1640s
tc0630,tc0630,Pradon,Régulus,n.av.,Tragédie,vers,n.av0s
tc0019,tc0019,Dorvigny,La comédie à l'impromptu ou les dupes,1780,Comédie,mixte,1780s
tc0750,tc0750,Tanevot,Adam et eve,(non représentée),Tragédie,vers,(non représentée0s
tc0402,tc0402,n.av.,Le tableau du mariage,1716,Opéra comique,mixte,1710s
tc0405,tc0405,Gilbert,Téléphonte,1645,Tragi-comédie,vers,1640s
tc0323,tc0323,Dorat,Régulus,(non représentée),Tragédie,vers,(non représentée0s
tc0585,tc0585,François-augustin paradis de moncrif,Les abderites,1732,Comédie,vers,1730s
tc0224,tc0224,Corneille,Persée et démétrius,1662,Tragédie,vers,1660s
tc0157,tc0157,n.av.,Finot,1701,Proverbe,prose,1700s
tc0044,tc0044,Beaunoir,Les libellistes,1779,Drame,prose,1770s
tc0301,tc0301,Dancourt,Les vendanges de suresnes,1695,Comédie,mixte,1690s
tc0138,tc0138,Carmontelle,Le petit maître par philosophie,(inconnue),Proverbe,prose,(inconnue0s
tc0349,tc0349,Dufresny,Les mal-assortis,1693,Comédie,mixte,1690s
tc0419,tc0419,Gueullette,L'amant poussif,1720,Farce,prose,1720s
tc0352,tc0352,Dufresny,La noce interrompue,1699,Comédie,prose,1690s
tc0121,tc0121,Carmontelle,L'abbé de plâtre,1779,Comédie,prose,1770s
tc0024,tc0024,Archambault,Jocrisse changé de condition,1794,Comédie,prose,1790s
tc0197,tc0197,Corneille,La veuve,1634,Comédie,vers,1630s
tc0573,tc0573,Moliere,Mélicerte,1666,Comédie héroïque,vers,1660s
tc0796,tc0796,Voltaire,Sémiramis,1748,Tragédie,vers,1740s
tc0710,tc0710,Rousseau,Les prisonniers de guerre,1747,Comédie,prose,1740s
tc0671,tc0671,Regnard,La coquette,1691,Comédie,mixte,1690s
tc0533,tc0533,Marivaux,Le prince travesti,1724,Comédie,prose,1720s
tc0298,tc0298,Dancourt,Le tuteur,1695,Comédie,prose,1690s
tc0075,tc0075,Boissy,Le je ne sais quoi,(inconnue),Comédie,vers,(inconnue0s
tc0722,tc0722,Scarron,Les boutades du capitan matamore et ses comédies,1646,Comédie,vers,1640s
tc0401,tc0401,n.av.,Les animaux raisonnables,1718,Opéra comique,mixte,1710s
tc0455,tc0455,La fontaine,Astrée,1691,Tragédie lyrique,vers,1690s
tc0318,tc0318,Discret,Les noces de vaugirard,1635,Comédie,vers,1630s
tc0241,tc0241,Cubières-palmézeaux,Dialogue entre l'auteur et un homme de goêt,1788,Dialogue,prose,1780s
tc0410,tc0410,Gouges,Molière chez ninon ou le siècle des grands hommes,1789,Pièce épisodique,prose,1780s
tc0287,tc0287,Dancourt,Le mari retrouvé,1698,Comédie,prose,1690s
tc0501,tc0501,Magnon,Le mariage d'oroondate et de statira,1644,Tragi-comédie,vers,1640s
tc0720,tc0720,Saurin,Les moeurs du temps,1760,Comédie,prose,1760s
tc0398,tc0398,Fuzelier,L'enfer galant,n.av.,Parodie,mixte,n.av0s
tc0186,tc0186,Corneille,Polyeucte martyr,1641,Tragédie,vers,1640s
tc0015,tc0015,(anonyme),Le prix d'un moment,(non représentée),Comédie,mixte,(non représentée0s
tc0473,tc0473,Laignelot,Agis,n.av.,Tragédie,vers,n.av0s
tc0236,tc0236,Crébillon,Rhadamisthe et zénobie,1711,Tragédie,vers,1710s
tc0708,tc0708,Rousseau,Les muses galantes,1744,Ballet,vers,1740s
tc0048,tc0048,Bensérade,La mort d'achille et la dispute des armes,1635,Tragédie,vers,1630s
tc0578,tc0578,Molière,Psyché,1671,Tragi-comédie,vers,1670s
tc0584,tc0584,Moline,Les legislatrices,(non représenté),Comédie,vers,(non représenté0s
tc0209,tc0209,Corneille,Darius,1659,Tragédie,vers,1650s
tc0629,tc0629,Pradon,Phèdre et hippolyte,1677,Tragédie,vers,1670s
tc0637,tc0637,Quinault,Bellérophon,1671,Tragédie,vers,1670s
tc0558,tc0558,Molière,Don juan ou le festin de pierre,1665,Comédie,prose,1660s
tc0253,tc0253,Dancourt,Nouveau prologue,1704,Comédie,vers,1700s
tc0562,tc0562,Molière,Les fâcheux,n.av.,Comédie-ballet,vers,n.av0s
tc0346,tc0346,Dufresny,Le jaloux honteux,1708,Comédie,prose,1700s
tc0194,tc0194,Corneille,Théodore,1645,Tragédie,vers,1640s
tc0731,tc0731,Scudery,L'amour tyrannique,1638,Tragi-comédie,vers,1630s
tc0210,tc0210,Corneille,Don bertran  de cigarral,1651,Comédie,vers,1650s
tc0238,tc0238,Crébillon,Xercès,1714,Tragédie,vers,1710s
tc0689,tc0689,n.av.,Les compliments,1736,Pièce,mixte,1730s
tc0798,tc0798,Voltaire,Sophonisbe ,1774,Tragédie,vers,1770s
tc0035,tc0035,n.av.,Les fées ou les contes de ma mère l'oye,1697,Comédie,mixte,1690s
tc0290,tc0290,Dancourt,L'opéra de village,1693,Comédie,prose,1690s
tc0111,tc0111,Campistron,Achille et polixène,1687,Tragédie en musique,vers,1680s
tc0115,tc0115,Campistron,Andronic,1685,Tragédie,vers,1680s
tc0470,tc0470,La harpe,Molière a la nouvelle salle,1782,Comédie,vers,1780s
tc0433,tc0433,Harny de guerville,Le petit-maître en province,1765,Comédie,vers,1760s
tc0109,tc0109,Cailhava d'estendoux,L'égoïsme,1777,Comédie,vers,1770s
tc0211,tc0211,Corneille,Don césar d'avalos,1674,Comédie,vers,1670s
tc0642,tc0642,Quinault,Isis,1677,Opéra,vers,1670s
tc0733,tc0733,Scudery,Eudoxe - tragi-comédie,1633,Tragi-comédie,vers,1630s
tc0313,tc0313,Desmarets de saint-sorlin,Les visionnaires,1637,Comédie,vers,1630s
tc0077,tc0077,Boissy,Le plagiaire,1746,Comédie,vers,1740s
tc0635,tc0635,Quinault,Armide,1686,Opéra,vers,1680s
tc0590,tc0590,Nadal,Le paradis terrestre,1735,Divertissement,vers,1730s
tc0043,tc0043,Beaunoir,La cacophonie,1779,Comédie,vers,1770s
tc0267,tc0267,Dancourt,Les eaux de bourbon,1695,Comédie,prose,1690s
tc0146,tc0146,Carrière-doisin a.,Le café littéraire,n.av.,Comédie,prose,n.av0s
tc0140,tc0140,Carmontelle,Les pleureurs d'homère,(inconnue),Proverbe,prose,(inconnue0s
tc0483,tc0483,Legouvé,Étéocle,1799,Tragédie,vers,1790s
tc0309,tc0309,Deshoulières,Genseric,1680,Tragédie,vers,1680s
tc0615,tc0615,Piron,La fausse alarme,(non représentée),Pastorale,vers,(non représentée0s
tc0757,tc0757,Urfé,Sylvanire ou la morte vive,1617,Pastorale héroïque,vers,1610s
tc0665,tc0665,Racine,La thébaïde ou les frères ennemis,1664,Tragédie,vers,1660s
tc0304,tc0304,Delavigne,Une famille au temps de luther,n.av.,Tragédie,vers,n.av0s
tc0296,tc0296,Dancourt,Sancho pança,1712,Comédie,vers,1710s
tc0135,tc0135,Carmontelle,Le faux empoisonnement,(inconnue),Proverbe,prose,(inconnue0s
tc0767,tc0767,Voltaire,Alzire ou les américains,1736,Tragédie,vers,1730s
tc0753,tc0753,Tristan l_hermite,La mort de chrispe,1644,Tragédie,vers,1640s
tc0056,tc0056,Biancolelli,Oedipe travesti,1719,Parodie,vers,1710s
tc0525,tc0525,Marivaux,Le jeu de l'amour et du hasard,1730,Comédie,prose,1730s
tc0096,tc0096,Boyer,Artaxerce,1682,Tragédie,vers,1680s
tc0646,tc0646,Quinault,Roland,1685,Opéra,vers,1680s
tc0067,tc0067,Boisrobert,Les rivaux amis,1653,Tragi-comédie,prose,1650s
tc0773,tc0773,Voltaire,Le droit du seigneur,1749,Comédie,vers,1740s
tc0795,tc0795,Voltaire,Les scythes,1767,Tragédie,vers,1760s
tc0412,tc0412,Goullinet,Les trois aveugles,1782,Comédie,prose,1780s
tc0678,tc0678,Regnard,Le joueur,1696,Comédie,vers,1690s
tc0706,tc0706,Rousseau,Le devin du village,1752,Bergerie,vers,1750s
tc0176,tc0176,Corneille,Médée,1635,Tragédie,vers,1630s
tc0540,tc0540,Marivaux,Le triomphe de l'amour,1732,Comédie,prose,1730s
tc0724,tc0724,Scarron,L'escolier de salamanque ou les généreux ennemis tragi-comédie,1654,Tragi-comédie,vers,1650s
tc0018,tc0018,Archambault,Ça n'en est pas ou tout ce qui reluit n'est pas or,1779,Proverbe,prose,1770s
tc0256,tc0256,Dancourt,Céphale et procris,1711,Comédie,mixte,1710s
tc0439,tc0439,Hugo,Hernani,1830,Drame,vers,1830s
tc0526,tc0526,Marivaux,La joie imprévue,1738,Comédie,prose,1730s
tc0485,tc0485,Legouvé,Polixène,(inconnue),Tragédie,vers,(inconnue0s
tc0784,tc0784,Voltaire,Nanine ou le préjugé vaincu,1749,Comédie,vers,1740s
tc0424,tc0424,Gueullette,La confiance des cocus,1720,Parade,prose,1720s
tc0482,tc0482,Legouvé,Attilie,1750,Tragédie,vers,1750s
tc0128,tc0128,Carmontelle,Le boudoir,1768,Proverbe,prose,1760s
tc0058,tc0058,Biancolelli pierre-françois,Arcagambis,1726,Tragédie,vers,1720s
tc0513,tc0513,Marivaux,La dispute,1744,Comédie,prose,1740s
tc0032,tc0032,Baculard,Le coligny,1739,Tragédie,prose,1730s
tc0779,tc0779,Voltaire,L'indiscret,1736,Comédie,vers,1730s
tc0743,tc0743,Somaize,Les précieuses ridicules,1662,Comédie,vers,1660s
tc0071,tc0071,Boissy,Les dehors trompeurs ou l'homme du jour,1740,Comédie,vers,1740s
tc0535,tc0535,Marivaux,La réunion des amours,1731,Comédie héroïque,prose,1730s
tc0631,tc0631,Pradon,Scipion l'africain,1697,Tragédie,vers,1690s
tc0685,tc0685,Regnard,Les souhaits,(non représentée),Comédie,vers,(non représentée0s
tc0453,tc0453,L'affichard,Les acteurs déplacés,1735,Comédie,mixte,1730s
tc0666,tc0666,Regnard,Arlequin aux enfers,1689,Comédie,prose,1680s
tc0580,tc0580,Molière,Le sicilien ou l'amour peintre,1667,Comédie,mixte,1660s
tc0448,tc0448,La calprenede,Jeanne,1648,Tragédie,vers,1640s
tc0345,tc0345,Dufresny,Le faux sincère,1731,Comédie,vers,1730s
tc0504,tc0504,Mairet,L'illustre corsaire,1629,Tragi-comédie,vers,1620s
tc0745,tc0745,Somaize,Les véritables précieuses,1660,Comédie,prose,1660s
tc0073,tc0073,Boissy,La frivolité,1753,Comédie,vers,1750s
tc0276,tc0276,Dancourt,La folle enchère,1690,Comédie,prose,1690s
tc0021,tc0021,Archambault,Hurlubrelu ou tout de travers,n.av.,Comédie,prose,n.av0s
tc0061,tc0061,Bievre,Vercingentorixe,(non représentée),Tragédie,vers,(non représentée0s
tc0084,tc0084,Boursault,La fête de la seine,1690,Ballet,vers,1690s
tc0076,tc0076,Boissy,Le médecin par occasion,1745,Comédie,vers,1740s
tc0786,tc0786,Voltaire,Olympie,1764,Tragédie,vers,1760s
tc0364,tc0364,Durant,À bon chat bon rat,(non représentée),Proverbe,prose,(non représentée0s
tc0758,tc0758,Vadé,La canadienne,1758,Comédie,vers,1750s
tc0434,tc0434,Harny de guerville,La sybille,1765,Comédie,vers,1760s
tc0427,tc0427,Gueullette,Léandre fiacre,1720,Parade,prose,1720s
tc0487,tc0487,Legrand,La nouveauté,1727,Comédie,vers,1720s
tc0094,tc0094,Boyer,Les amours de jupiter et de sémélé,1666,Tragédie,vers,1660s
tc0555,tc0555,Molière,Le dépit amoureux,1668,Comédie,vers,1660s
tc0495,tc0495,Le tellier,Don juan ou le festin de pierre,1713,Opéra comique,vers,1710s
tc0576,tc0576,Molière,Les précieuses ridicules,1659,Comédie,prose,1650s
tc0143,tc0143,Carmontelle,Le suisse de porte et le portrait,(inconnue),Proverbe,prose,(inconnue0s
tc0348,tc0348,Du fresny,La malade sans maladie,1699,Comédie,prose,1690s
tc0462,tc0462,La fontaine,Les rieurs du beau-richard,(non représentée),Ballet,vers,(non représentée0s
tc0454,tc0454,Lafont,Le naufrage,1710,Comédie,vers,1710s
tc0246,tc0246,Cubières-palmézeaux,La mort de molière,1788,Comédie,vers,1780s
tc0390,tc0390,Favart,L'anglais à bordeaux,1763,Comédie,vers,1760s
tc0777,tc0777,Voltaire,Le fanatisme,1742,Tragédie,vers,1740s
tc0551,tc0551,Molière,L´avare,n.av.,Comédie,prose,n.av0s
tc0515,tc0515,Marivaux,L'école des mères,1732,Comédie,mixte,1730s
tc0541,tc0541,Marivaux,Le triomphe de plutus,1728,Comédie,prose,1720s
tc0479,tc0479,Lebeau de schosme,L'assemblée,1773,Comédie,vers,1770s
tc0719,tc0719,Saurin,Blanche et guiscard ,1763,Tragédie,vers,1760s
tc0372,tc0372,Durant,Tel maître,(non représentée),Proverbe,prose,(non représentée0s
tc0604,tc0604,Palissot de montenoy,Le barbier de bagdad,1758,Comédie,prose,1750s
tc0514,tc0514,Marivaux,La double inconstance,1723,Comédie,prose,1720s
tc0153,tc0153,Champméslé,La coupe enchantée,1693,Comédie,vers,1690s
tc0641,tc0641,Quinault,Les fêtes de l'amour et de bacchus,1682,Pastorale,vers,1680s
tc0553,tc0553,Molière,La comtesse d'escarbagnas,n.av.,Comédie,prose,n.av0s
tc0359,tc0359,Dugazon,Le modéré,1793,Comédie,vers,1790s
tc0632,tc0632,Pradon,Statira,1677,Tragédie,vers,1670s
tc0610,tc0610,Patrat,La vengeance,1798,Comédie,vers,1790s
tc0167,tc0167,Corneille,Le cid,1637,Tragi-comédie,vers,1630s
tc0532,tc0532,Marivaux,Le préjuge vaincu,1646,Comédie,prose,1640s
tc0169,tc0169,Corneille,Cinna ou la clémence d'auguste,1639,Tragédie,vers,1630s
tc0613,tc0613,Piron,Arlequin deucalion,1722,Comédie,mixte,1720s
tc0669,tc0669,Regnard,Le bal,1696,Comédie,vers,1690s
tc0310,tc0310,Deshoulières,La mort de cochon,(non représentée),Tragédie,vers,(non représentée0s
tc0612,tc0612,Pellet desbarreaux,Molière à toulouse,1787,Comédie,vers,1780s
tc0273,tc0273,Dancourt,Les fêtes noctunes du cours,1714,Comédie,mixte,1710s
tc0027,tc0027,Artaud,Le centenaire de molière,1773,Comédie,mixte,1770s
tc0279,tc0279,Dancourt,La gazette,1693,Comédie,prose,1690s
tc0152,tc0152,Chamfort,Mustapha et zéangir,1777,Tragédie,vers,1770s
tc0311,tc0311,Desjardins,Le favori,1665,Tragi-comédie,vers,1660s
tc0215,tc0215,Corneille,Le galant doublé,1659,Comédie,vers,1650s
tc0449,tc0449,La calprenede,La mort de mitridate,1635,Tragédie,vers,1630s
tc0284,tc0284,Dancourt,La loterie,1697,Comédie,prose,1690s
tc0004,tc0004,Aigueberre,Trois spectacles,(non représentée),Prologue,prose,(non représentée0s
tc0682,tc0682,Regnard,Le retour imprévu,1700,Comédie,prose,1700s
tc0308,tc0308,Desfontaines,La véritable sémiramis,1646,Tragédie,vers,1640s
tc0042,tc0042,Beaunoir,L'amour quêteur,1777,Comédie,prose,1770s
tc0214,tc0214,Corneille,Le festin de pierre,1677,Comédie,vers,1670s
tc0636,tc0636,Quinault,Atys,1676,Tragédie,vers,1670s
tc0335,tc0335,Duche de vancy,Absalon,1712,Tragédie,vers,1710s
tc0003,tc0003,Aigueberre,Polixène,(non représentée),Comédie,vers,(non représentée0s
tc0400,tc0400,Fuzelier,Scaramouche pédant,1716,Divertissement,vers,1710s
tc0667,tc0667,Regnard,Arlequin,1690,Comédie,prose,1690s
tc0680,tc0680,Regnard,La critique du légataire,1708,Comédie,prose,1700s
tc0729,tc0729,Scarron,Le jodelet duelliste,1646,Comédie,vers,1640s
tc0145,tc0145,Carmontelle,Les voyageurs,(inconnue),Proverbe,prose,(inconnue0s
tc0741,tc0741,Sedaine,Richard coeur de lion,1784,Comédie,mixte,1780s
tc0692,tc0692,n.av.,Les sauvages,1736,Piece,vers,1730s
tc0050,tc0050,Bernard,Brutus,n.av.,Comédie,vers,n.av0s
tc0672,tc0672,Regnard,Démocrite,1700,Comédie,vers,1700s
tc0022,tc0022,Archambault,Janot ou les battus paient l'amende,1779,Proverbe,prose,1770s
tc0384,tc0384,Du ryer,Nitocris,1639,Tragi-comédie,vers,1630s
tc0368,tc0368,Durant,Oisivité est mère de tous les vices,(inconnue),Proverbe,prose,(inconnue0s
tc0626,tc0626,Pompigny,Le noeud d'amour,1779,Comédie,mixte,1770s
tc0709,tc0709,Rousseau,Narcisse ou l'amant de lui-même,1752,Comédie,prose,1750s
tc0394,tc0394,Florian,Héro et léandre,1784,Monologue lyrique,prose,1780s
tc0776,tc0776,Voltaire,L'envieux,(non représentée),Tragédie,vers,(non représentée0s
tc0331,tc0331,Dorneval,L'opéra comique assiégé,1730,Opéra comique,mixte,1730s
tc0103,tc0103,Boyer,Porus ou la générosité d'alexandre,n.av.,Tragédie,vers,n.av0s
tc0560,tc0560,Molière,L'école des maris,1661,Comédie,vers,1660s
tc0508,tc0508,Marivaux,Annibal,1720,Tragédie,vers,1720s
tc0444,tc0444,La calprenede,Le comte d'essex,1636,Tragédie,vers,1630s
tc0450,tc0450,La calprenede,Pahlante,1640,Tragédie,vers,1640s
tc0265,tc0265,Dancourt,Second chapitre du diable boiteux,1707,Comédie,prose,1700s
tc0491,tc0491,Le mierre,La veuve du malabar,1770,Tragédie,vers,1770s
tc0569,tc0569,Molière,Le malade imaginaire,1673,Comédie,mixte,1670s
tc0663,tc0663,Racine,Les plaideurs,1668,Comédie,vers,1660s
tc0476,tc0476,La motte,La matrone d'éphèse,1723,Comédie,prose,1720s
tc0726,tc0726,Scarron,Le gardien de soi-même,1654,Comédie,vers,1650s
tc0739,tc0739,Sedaine,Les défauts supposés,1788,Comédie,vers,1780s
tc0477,tc0477,La motte,Scanderberg,1735,Tragédie lyrique,vers,1730s
tc0681,tc0681,Regnard,Les ménechmes,1705,Comédie,vers,1700s
tc0306,tc0306,Desfontaines,Perside ou la suite d'ibrahim bassa,1642,Tragédie,vers,1640s
tc0200,tc0200,Corneille,Ariane,1672,Tragédie,vers,1670s
tc0097,tc0097,Boyer,Fédéric,1659,Tragi-comédie,vers,1650s
tc0203,tc0203,Corneille,Bradamante,1695,Tragédie,vers,1690s
tc0518,tc0518,Marivaux,La fausse suivante ou le fourbe puni,1724,Comédie,prose,1720s
tc0164,tc0164,Corneille,Andromede,1650,Tragédie,vers,1650s
tc0707,tc0707,Rousseau,L'engagement téméraire,1747,Bergerie,vers,1740s
tc0787,tc0787,Voltaire,Oreste,1750,Tragédie,vers,1750s
tc0698,tc0698,Rotrou,Antigone,1637,Tragédie,vers,1630s
tc0788,tc0788,Voltaire,Les originaux ou monsieur du cap-vert,1732,Comédie,prose,1730s
tc0643,tc0643,Quinault,La mere coquette ou les amants brouilles,1665,Comédie,vers,1660s
tc0216,tc0216,Corneille,Le geôlier de soi-même,1655,Comédie,vers,1650s
tc0223,tc0223,Corneille,La mort de l'empereur commode,1657,Tragédie,vers,1650s
tc0222,tc0222,Corneille,La mort d'achille,1673,Tragédie,vers,1670s
tc0189,tc0189,Corneille,Sertorius,1662,Tragédie,vers,1660s
tc0009,tc0009,(anonyme),L'actrice nouvelle,n.av.,Comédie,vers,n.av0s
tc0123,tc0123,Carmontelle,Alménorade,1768,Proverbe,vers,1760s
tc0374,tc0374,Du ryer,Alcimédon,1635,Tragi-comédie,vers,1630s
tc0261,tc0261,Dancourt,Les curieux de compiègne,1698,Comédie,prose,1690s
tc0101,tc0101,Boyer,Oropaste ou le faux tonaxare,1662,Tragédie,vers,1660s
tc0662,tc0662,Racine,Les plaideurs,1668,Comédie,vers,1660s
tc0357,tc0357,n.av.,La naissance d'amadis,1694,Comédie,mixte,1690s
tc0413,tc0413,Gresset,Édouard iii,1740,Tragédie,vers,1740s
tc0353,tc0353,Dufresny,La réconciliation normande,1719,Comédie,vers,1710s
tc0344,tc0344,Du fresny,Le faux instinct,1707,Comédie,prose,1700s
tc0248,tc0248,Cubières-palmézeaux,Oreste et les furies,1788,Mélodrame,prose,1780s
tc0220,tc0220,Corneille,Médée,1693,Opéra,vers,1690s
tc0386,tc0386,Du ryer,Scévole,1646,Tragédie,vers,1640s
tc0132,tc0132,Carmontelle,Les désespérés de l'opéra,(inconnue),Proverbe,prose,(inconnue0s
tc0011,tc0011,(anonyme),Le club des dames ou le retour de descartes,(non représentée),Comédie,prose,(non représentée0s
tc0105,tc0105,Boyer,Caton,(inconnue),Tragédie,prose,(inconnue0s
tc0756,tc0756,Tristan l_hermite,Le parasite,1654,Comédie,vers,1650s
tc0582,tc0582,Molière,Le tartuffe ou l'hypocrite,n.av.,Comédie,vers,n.av0s
tc0492,tc0492,Lesage,Arlequin mahomet,1714,Comédie,vers,1710s
tc0735,tc0735,Scudery,Ligdamon et lidias,1630,Tragi-comédie,vers,1630s
tc0034,tc0034,Barante,Arlequin misanthrope,1696,Comédie,mixte,1690s
tc0542,tc0542,Marmontel,Hercule mourant,1761,Opéra,vers,1760s
tc0179,tc0179,Corneille,Le menteur,1642,Comédie,vers,1640s
tc0617,tc0617,Piron,La métromanie,1733,Comédie,vers,1730s
tc0548,tc0548,Molière,Les amants magnifiques,n.av.,Comédie,mixte,n.av0s
tc0664,tc0664,Racine,La thébaïde ou les frères ennemis,1664,Tragédie,vers,1660s
tc0446,tc0446,La calprenede,La mort des enfants d'hérode ou suite de mariane ,1636,Tragédie,vers,1630s
tc0452,tc0452,La croix,La guerre comique ou la défense de l'école des femmes,(non représentée),Comédie,vers,(non représentée0s
tc0100,tc0100,Boyer,La mort des enfants de brute,1647,Tragédie,vers,1640s
tc0437,tc0437,Hoffmann,L'original,1796,Comédie,mixte,1790s
tc0376,tc0376,Du ryer,Anaxandre,1654,Tragi-comédie,vers,1650s
tc0160,tc0160,Colardeau,Astarbé,1758,Tragédie,vers,1750s
tc0432,tc0432,Guibert,Les filles a marier,1768,Comédie,vers,1760s
tc0647,tc0647,Quinault,Stratonice,1660,Tragi-comédie,vers,1660s
tc0066,tc0066,Boisrobert,Cassandre comtesse de barcelone,1653,Tragi-comédie,prose,1650s
tc0471,tc0471,La harpe,Les muses rivales,1779,Comédie,vers,1770s
tc0116,tc0116,Campistron,Arminus,1684,Tragédie,vers,1680s
tc0158,tc0158,Chevalier,Les amours de calotins,1664,Comédie,vers,1660s
tc0242,tc0242,Cubières-palmézeaux,La diligence de lyon,1777,Comédie,prose,1770s
tc0136,tc0136,Carmontelle,Le lièvre,(inconnue),Proverbe,prose,(inconnue0s
tc0342,tc0342,Du fresny,L'esprit de contradiction,1700,Comédie,prose,1700s
tc0230,tc0230,Coupigny,Hommage du petit vaudeville au grand racine,1798,Vaudeville,mixte,1790s
tc0049,tc0049,n.av.,La journée des dupes,(inconnue),Tragi-comédie,prose,(inconnue0s
tc0528,tc0528,Marivaux,La méprise,1734,Comédie,prose,1730s
tc0240,tc0240,Cubières-palmézeaux,Les bracelets,(inconnue),Comédie,prose,(inconnue0s
tc0565,tc0565,Molière,Les fourberies de scapin,1671,Comédie,prose,1670s
tc0052,tc0052,Biancolelli,Agnès de chaillot,1723,Comédie,mixte,1720s
tc0622,tc0622,Poinsinet,Les fra-maçonnes,1754,Parodie,vers,1750s
tc0393,tc0393,Florian,Les deux billets,1779,Comédie,prose,1770s
tc0771,tc0771,Voltaire,Le dépostaire,(non représentée),Comédie,vers,(non représentée0s
tc0208,tc0208,Corneille,La comtesse d'orgueil,1653,Comédie,vers,1650s
tc0416,tc0416,Guerin de bouscal,Don quichotte de la manche,1645,Tragi-comédie,vers,1640s
tc0711,tc0711,Rousseau,Le café,1694,Comédie,prose,1690s
tc0005,tc0005,Alain,L'épreuve réciproque,1711,Comédie,prose,1710s
tc0126,tc0126,Carmontelle,L'avocat consultant,1768,Proverbe,prose,1760s
tc0168,tc0168,Corneille,Cinna ou la clémence d'auguste,1639,Tragédie,vers,1630s
tc0700,tc0700,Rotrou,Cosroës,1648,Tragédie,vers,1640s
tc0321,tc0321,Donneau de visé,Zélinde ou la véritable crtique de l'école des femmes ou la critique de la critique,1663,Comédie,prose,1660s
tc0225,tc0225,Corneille,Pyrrhus,1661,Tragédie,vers,1660s
tc0366,tc0366,Durant,Bonne renomée vaut mieux que ceintur dorée,(inconnue),Proverbe,prose,(inconnue0s
tc0697,tc0697,Rotrou,Amélie,1633,Tragi-comédie,vers,1630s
tc0206,tc0206,Corneille,Circé,1677,Tragédie,vers,1670s
tc0738,tc0738,Scudery,Le vassal généreux - tragi-comédie,1632,Tragi-comédie,vers,1630s
tc0765,tc0765,Voltaire,Adélaïde du guesclin,1734,Tragédie,vers,1730s
tc0510,tc0510,Marivaux,La colonie,1750,Comédie,prose,1750s
tc0431,tc0431,Gueullette,Deuxième parade,1715,Farce,prose,1710s
tc0008,tc0008,Andrieux,Anaximandre,1782,Comédie,vers,1780s
tc0428,tc0428,Gueullette,Léandre hongre,1720,Parade,prose,1720s
tc0001,tc0001,Aigueberre,L'avare amoureux,(non représentée),Comédie,prose,(non représentée0s
tc0517,tc0517,Marivaux,Les fausses confidences,1737,Comédie,prose,1730s
tc0421,tc0421,Gueullette,Caracataca et caracataqué,1720,Farce,prose,1720s
tc0512,tc0512,Marivaux,Le dénouement imprévu,1724,Comédie,prose,1720s
tc0249,tc0249,Cyrano,La mort d'agrippine,1654,Tragédie,vers,1650s
tc0300,tc0300,Dancourt,Les vendanges,1694,Comédie,mixte,1690s
tc0721,tc0721,Saurin,Spartacus,1760,Tragédie,vers,1760s
tc0369,tc0369,Durant,On ne connait pas le vin au cercle,(non représentée),Proverbe,prose,(non représentée0s
tc0226,tc0226,Corneille,Stilicon,1660,Tragédie,vers,1660s
tc0245,tc0245,Cubières-palmézeaux,La lacrymanie,(inconnue),Comédie,vers,(inconnue0s
tc0506,tc0506,Maréchal,Le jugement dernier des rois,1793,Comédie,prose,1790s
tc0137,tc0137,Carmontelle,Le pari,1768,Proverbe,prose,1760s
tc0283,tc0283,Dancourt,Nouveau prologue,1703,Comédie,prose,1700s
tc0175,tc0175,Corneille,L'illusion comique,1636,Comédie,vers,1630s
tc0654,tc0654,Racine,Bajazet,1672,Tragédie,vers,1670s
tc0131,tc0131,Carmontelle,Condamner sans entendre ou la statue,(inconnue),Proverbe,prose,(inconnue0s
tc0250,tc0250,Cyrano,Le pédant joué,1654,Comédie,prose,1650s
tc0388,tc0388,Du ryer,Les vendanges de suresnes,1636,Comédie,vers,1630s
tc0228,tc0228,Corneille,Timocrate,1656,Tragédie,vers,1650s
tc0603,tc0603,Pain,L'appartement a louer,1799,Comédie,mixte,1790s
tc0237,tc0237,Crébillon,Le triumvirat ou la mort de cicéron,1754,Tragédie,vers,1750s
tc0233,tc0233,Crébillon,Électre,1708,Tragédie,vers,1700s
tc0110,tc0110,Cailleau,Les tragédies de m,n.av.,Tragédie,vers,n.av0s
tc0036,tc0036,n.av.,Pasquin et marforio,1697,Comédie,mixte,1690s
tc0303,tc0303,Delavigne,Les comédiens,1820,Comédie,vers,1820s
tc0271,tc0271,Dancourt,La femme d'intrigues,1692,Comédie,prose,1690s
tc0436,tc0436,Henault d'armorezan,Marius,1715,Tragédie,vers,1710s
tc0596,tc0596,Nivelle de la chaussée,La gouvernante,1744,Comédie,vers,1740s
tc0718,tc0718,Sallebray,La belle égyptienne,1641,Tragi-comédie,vers,1640s
tc0423,tc0423,Gueullette,La chaste isabelle,1720,Farce,prose,1720s
tc0727,tc0727,Scarron,L'héritier ridicule ou la dame intéressée,1659,Comédie,vers,1650s
tc0602,tc0602,n.av.,Les chouans ou la républicaine de malestroit,1795,Trait historique,mixte,1790s
tc0117,tc0117,Campistron,Phocion,1688,Tragédie,vers,1680s
tc0658,tc0658,Racine,Iphigénie,1674 1674,Tragédie,vers,1674 1670s
tc0340,tc0340,Dufresny,Le départ des comédiens,1794,Comédie,mixte,1790s
tc0460,tc0460,La fontaine,Galatée,(non représenté),Opéra,vers,(non représenté0s
tc0379,tc0379,Du ryer,Cléomédon,n.av.,Tragi-comédie,vers,n.av0s
tc0445,tc0445,La calprenede,Édouard,1638,Tragi-comédie,vers,1630s
tc0251,tc0251,Dalibray,Soliman,1637,Tragi-comédie,mixte,1630s
tc0563,tc0563,Moliere,Les femmes savantes,1672,Comédie,vers,1670s
tc0092,tc0092,Boursault,La satire des satires,1694,Comédie,vers,1690s
tc0645,tc0645,Quinault,Proserpine,1680,Tragédie,vers,1680s
tc0252,tc0252,Dancourt,Les agioteurs,1710,Comédie,prose,1710s
tc0780,tc0780,Voltaire,Les lois de minos,1774,Tragédie,vers,1770s
tc0494,tc0494,n.av.,L'île du gougou,1720,Comédie,prose,1720s
tc0568,tc0568,Molière,La jalousie du barbouillé,1650,Farce,prose,1650s
tc0292,tc0292,Dancourt,La parisienne,1691,Comédie,prose,1690s
tc0012,tc0012,Anonyme,Dialogue entre voltaire et rousseau,(inconnue),Comédie,mixte,(inconnue0s
tc0274,tc0274,Dancourt,La foire de besons,1695,Comédie,mixte,1690s
tc0748,tc0748,Taconet,Les époux par chicane,1759,Parodie,mixte,1750s
tc0566,tc0566,Molière,George dandin ou le mari confondu,1668,Comédie,prose,1660s
tc0634,tc0634,Quinault,Amadis,1684,Tragédie en musique,vers,1680s
tc0618,tc0618,Guilbert-pixerécourt,Victor,1798,Drame,prose,1790s
tc0693,tc0693,Rosimond,Avocat savetier,1670,Comédie,vers,1670s
tc0601,tc0601,Ouzicourt,Roméo et juliette,(inconnue),Drame,vers,(inconnue0s
tc0701,tc0701,Rotrou,Don bernard de cabrere,1646,Tragi-comédie,vers,1640s
tc0442,tc0442,La calprenede,La bradamante,1636,Tragi-comédie,vers,1630s
tc0660,tc0660,Racine,Phèdre,1677,Tragédie,vers,1670s
tc0148,tc0148,Chabanon,Eudoxie,(inconnue),Tragédie,vers,(inconnue0s
tc0124,tc0124,Carmontelle,À trompeur,1768,Proverbe,prose,1760s
tc0534,tc0534,Marivaux,La provinciale,1750,Comédie,prose,1750s
tc0392,tc0392,Florian,Le bon père,1790,Comédie,prose,1790s
tc0315,tc0315,Diderot,Est-il bon,(non représentée),Comédie,prose,(non représentée0s
tc0325,tc0325,Dorimond,La comédie de la comédie,(inconnue),Comédie,vers,(inconnue0s
tc0734,tc0734,Scudery,Le fils supposé,1645,Comédie,vers,1640s
tc0204,tc0204,Corneille,Camma,1661,Tragédie,vers,1660s
tc0480,tc0480,Le boulanger de chalussay,Elomire hypocondre ou les médecins vengés,n.av.,Comédie,vers,n.av0s
tc0406,tc0406,Gillet de la tessonerie,Le campagnard,1656,Comédie,vers,1650s
tc0343,tc0343,Dufresny,Le faux honnête homme,1703,Comédie,prose,1700s
tc0016,tc0016,(anonyme),Oh ! voilà bien le diable ! comédie,(non représentée),Comédie,mixte,(non représentée0s
tc0007,tc0007,Soulas d'allainval,L'hiver,1733,Comédie,mixte,1730s
tc0611,tc0611,Pellegrin,Tibère,1726,Tragédie,vers,1720s
tc0144,tc0144,Carmontelle,La veuve avare ou à trompeur trompeur et demi comédie,(inconnue),Proverbe,prose,(inconnue0s
tc0676,tc0676,Regnard,Les folies amoureuses,1696,Comédie,vers,1690s
tc0546,tc0546,Mercier,Les tombeaux de vérone,(inconnue),Drame,prose,(inconnue0s
tc0281,tc0281,Dancourt,L'impromptu de livry,1705,Comédie-ballet,mixte,1700s
tc0095,tc0095,Boyer,Aristodème,1647,Tragédie,vers,1640s
tc0198,tc0198,Corneille,La veuve ou le traître trahi,1634,Comédie,vers,1630s
tc0294,tc0294,Dancourt,Renaud et armide,1697,Comédie,mixte,1690s
tc0397,tc0397,Fontenelle,Endymion,1731,Pastorale héroïque,vers,1730s
tc0800,tc0800,Voltaire,Tanis et zélide ou les rois pasteurs,(non représentée),Tragédie en musique,vers,(non représentée0s
tc0616,tc0616,Piron,Gustave wasa,1733,Tragédie,vers,1730s
tc0752,tc0752,Tristan l_hermite,Mariane,1636,Tragédie,vers,1630s
tc0418,tc0418,Gueullette,L'amant cochemard,(inconnue),Parade,vers,(inconnue0s
tc0165,tc0165,Corneille,Attila,1667,Tragédie,vers,1660s
tc0794,tc0794,Voltaire,Saül,1763,Drame,prose,1760s
tc0119,tc0119,Carbon de flins,Le mari directeur ou le déménagement du couvent,1791,Comédie,vers,1790s
tc0594,tc0594,Nivelle de la chaussée,L'école des mères,1744,Comédie,vers,1740s
tc0478,tc0478,Lantier,L'impatient,1778,Comédie,vers,1770s
tc0723,tc0723,Scarron,Don japhet d'arménie,1652,Comédie,vers,1650s
tc0704,tc0704,Rotrou,Les sosies,1646,Comédie,vers,1640s
tc0468,tc0468,La harpe,Le comte de warwik,1763,Tragédie,vers,1760s
tc0028,tc0028,Aude,L'école tragique,n.av.,Comédie,mixte,n.av0s
tc0270,tc0270,Dancourt,Les fées,1699,Comédie,mixte,1690s
tc0106,tc0106,Brécourt,L'ombre de molière,1674,Comédie,prose,1670s
tc0147,tc0147,Carrière-doisin a.,La journée de titus ou le bon prince,n.av.,Drame,prose,n.av0s
tc0277,tc0277,Dancourt,Les fonds perdus,1686,Comédie,prose,1680s
tc0556,tc0556,Molière,Le divertissement de chambord,n.av.,Ballet,vers,n.av0s
tc0337,tc0337,Dufresny,Le chevalier joueur,1697,Comédie,prose,1690s
tc0080,tc0080,Bouilly,René-descartes,1796,Trait historique,prose,1790s
tc0037,tc0037,Barbier,Le faucon,1719,Comédie,vers,1710s
tc0527,tc0527,Marivaux,Le legs,1736,Comédie,prose,1730s
tc0467,tc0467,La grange chancel,Amasis,1701,Tragédie,vers,1700s
tc0474,tc0474,La motte,Inès de castro,1723,Tragédie,vers,1720s
tc0768,tc0768,Voltaire,Le baron d'otrante,1784,Opéra Bouffe,vers,1780s
tc0625,tc0625,Poisson,Le sot vengé,1661,Comédie,vers,1660s
tc0163,tc0163,Corneille,Agésilas,1666,Tragédie,vers,1660s
tc0055,tc0055,Dominique,Les enfants trouvés,1732,Parodie,vers,1730s
tc0395,tc0395,Florian,Les jumeaux de bergame,1782,Comédie,prose,1780s
tc0038,tc0038,Barré,Candide marié,1788,Vaudeville,mixte,1780s
tc0341,tc0341,Dufresny,Le double veuvage,1702,Comédie,prose,1700s
tc0465,tc0465,La fosse,Manlius capitolinus,1698,Tragédie,vers,1690s
tc0107,tc0107,Brosse,L'aveugle clairvoyant,n.av.,Comédie,vers,n.av0s
tc0597,tc0597,Nivelle de la chaussée,Le préjugé à la mode,1735,Comédie,vers,1730s
tc0624,tc0624,Poisson,La hollande malade,1672,Comédie,vers,1670s
tc0713,tc0713,Rousseau,Jason,1696,Opéra,vers,1690s
tc0550,tc0550,Molière,Amphytrion,n.av.,Comédie,vers,n.av0s
tc0409,tc0409,Gouges,L'esclavage des noirs,1789,Drame,prose,1780s
tc0040,tc0040,Beaumarchais,L'autre tartuffe ou la mère coupable,1792,Drame,prose,1790s
tc0054,tc0054,Biancolelli pierre-françois (1680-1734),La bonne feme,1726,Parodie,mixte,1720s
tc0728,tc0728,Scarron,Le jodelet ou le maître valet,(inconnue),Comédie,vers,(inconnue0s
tc0764,tc0764,Voisenon,Hilas et zélis,1762,Pastorale,vers,1760s
tc0415,tc0415,Guerin de bouscal,Don quichotte de la manche,1645,Tragi-comédie,vers,1640s
tc0599,tc0599,Ouville,Les fausses vérités,1641,Comédie,vers,1640s
tc0571,tc0571,Molière,Le médecin malgré lui,1666,Comédie,prose,1660s
tc0319,tc0319,Donneau de visé,Les amours d'alcippe et de céphise,1660,Comédie,vers,1660s
tc0244,tc0244,Cubières-palmézeaux,Galathée,1777,Comédie,vers,1770s
tc0174,tc0174,Corneille,Horace,1639,Tragédie,vers,1630s
tc0324,tc0324,Dorimond,Les amours de trapolin,(non indiqué),Comédie,vers,(non indiqué0s
tc0554,tc0554,Moliere,La critique de l'école des femmes,1663,Comédie,prose,1660s
tc0507,tc0507,Marivaux,Les acteurs de bonne foi,1748,Comédie,prose,1740s
tc0082,tc0082,Boursault,Les deux frères gémeaux ou les menteurs qui ne mentent point,n.av.,Comédie,vers,n.av0s
tc0583,tc0583,Moline,L'inconnue persécutée,1776,Comédie,mixte,1770s
tc0129,tc0129,Carmontelle,Le café borgne,(inconnue),Proverbe,prose,(inconnue0s
tc0586,tc0586,Nadal,Antiochus,1722,Tragédie,vers,1720s
tc0426,tc0426,Gueullette,Isabelle grosse par vertu,1738,Farce,prose,1730s
tc0247,tc0247,Cubières-palmézeaux,La mort de molière,1802,Comédie,vers,1800s
tc0475,tc0475,La motte,Les machabées,1721,Tragédie,vers,1720s
tc0282,tc0282,Dancourt,L'impromptu de suresnes,1713,Comédie-ballet,mixte,1710s
tc0577,tc0577,Molière,La princesse d'élide,1664,Comédie galante,mixte,1660s
tc0262,tc0262,Dancourt,La déroute du pharaon,(non représentée),Comédie,prose,(non représentée0s
tc0047,tc0047,Bensérade,Cléopâtre,1635,Tragédie,vers,1630s
tc0657,tc0657,Racine,Esther,1689,Tragédie,vers,1680s
tc0649,tc0649,Racine,Alexandre le grand,1665,Tragédie,vers,1660s
tc0297,tc0297,Dancourt,La trahison punie,1707,Comédie,vers,1700s
tc0389,tc0389,Fabre d'eglantine,Le philinte de molière,1790,Comédie,vers,1790s
tc0229,tc0229,Coupigny,Arlequin jaloux,1797,Comédie,prose,1790s
tc0481,tc0481,Pompignan,Didon,1734,Tragédie,vers,1730s
tc0762,tc0762,Villiers,La critique du tartuffe,(non représentée),Comédie,vers,(non représentée0s
tc0522,tc0522,Marivaux,L'heureux stratagème,1733,Comédie,prose,1730s
tc0696,tc0696,Rotrou,Amarillis,1652,Pastorale,vers,1650s
tc0383,tc0383,Du ryer,Lucrèce,1638,Tragédie,vers,1630s
tc0684,tc0684,Regnard,La sérénade,1694,Comédie,mixte,1690s
tc0288,tc0288,Dancourt,La métempsycose des amours,1717,Comédie,vers,1710s
tc0314,tc0314,Desportes,La veuve coquette,1721,Comédie,mixte,1720s
tc0688,tc0688,Riccoboni père,L'écho du public,1741,Comédie,vers,1740s
tc0127,tc0127,Carmontelle,Les bons,(inconnue),Proverbe,prose,(inconnue0s
tc0264,tc0264,Dancourt,Le diable boiteux,1707,Comédie,prose,1700s
tc0347,tc0347,Dufresny,La joueuse,1709,Comédie,prose,1700s
tc0373,tc0373,Durant,Voyage de campagne,(inconnue),Proverbe,prose,(inconnue0s
tc0354,tc0354,n.av.,L'augmentation de la baguette,1693,Comédie,mixte,1690s
tc0295,tc0295,Dancourt,Le retour des officiers,1697,Comédie,prose,1690s
tc0509,tc0509,Marivaux,Arlequin poli par l'amour,1720,Comédie,prose,1720s
tc0574,tc0574,Molière,Le misanthrope ou l'atrabilaire amoureux,1666,Comédie,vers,1660s
tc0134,tc0134,Carmontelle,L'étranger,1780,Proverbe,prose,1780s
tc0499,tc0499,Magnon,Artaxerxe,1644,Tragédie,vers,1640s
tc0605,tc0605,Palissot de montenoy,Le cercle ou les originaux,1755,Comédie,prose,1750s
tc0430,tc0430,Gueullette,Première parade,1714,Farce,prose,1710s
tc0529,tc0529,Marivaux,La mère confidente,1735,Comédie,prose,1730s
tc0592,tc0592,Nericault-destouches,Le glorieux,1732,Comédie,vers,1730s
tc0150,tc0150,Chabanon,La toison d'or,(non représentée),Tragédie lyrique,prose,(non représentée0s
tc0162,tc0162,Colleville,Sophie et derville,1788,Comédie,prose,1780s
tc0192,tc0192,Corneille,La suivante,1634,Comédie,vers,1630s
tc0120,tc0120,Carbon de flins,Le réveil d'épiménide à paris comédie en un acte,1790,Comédie,vers,1790s
tc0521,tc0521,Marivaux,L'héritier de village,1725,Comédie,prose,1720s
tc0382,tc0382,Du ryer,Lisandre et caliste,1632,Tragi-comédie,vers,1630s
tc0278,tc0278,Dancourt,Le galant jardinier,1704,Comédie,prose,1700s
tc0488,tc0488,Legrand,L'usurier gentilhomme,1713,Comédie,prose,1710s
tc0350,tc0350,Dufresny,Le mariage fait et rompu,1721,Comédie,vers,1720s
tc0744,tc0744,Somaize,Le procès des précieuses en vers burlesques,n.av.,Comédie,vers,n.av0s
tc0651,tc0651,Racine,Andromaque,1667,Tragédie,vers,1660s
tc0801,tc0801,Voltaire,Zaïre,1732,Tragédie,vers,1730s
tc0002,tc0002,Aigueberre,Pan et doris,(non représentée),Pastorale,vers,(non représentée0s
tc0422,tc0422,Gueullette,Le chapeau de fortunatus,1712,Farce,prose,1710s
tc0544,tc0544,Mercier,La destruction de la ligue,1782,Drame,prose,1780s
tc0166,tc0166,Corneille,Le cid,1637,Tragédie,vers,1630s
tc0486,tc0486,Legrand,La famille extravagante,1709,Comédie,vers,1700s
tc0785,tc0785,Voltaire,Oedipe,1718,Tragédie,vers,1710s
tc0363,tc0363,Feriol de pont-de-veyle,Le somnambule,1739,Comédie,prose,1730s
tc0327,tc0327,Dorimond,La femme industrieuse,(inconnue),Comédie,vers,(inconnue0s
tc0060,tc0060,Bièvre,Le séducteur,1783,Comédie,vers,1780s
tc0063,tc0063,Bohaire-dutheil,Jésus-christ,(inconnue),Tragédie,vers,(inconnue0s
tc0627,tc0627,Prade,Arsace,1662,Tragédie,vers,1660s
tc0464,tc0464,La forge,La joueuse dupée,1664,Comédie,vers,1660s
tc0339,tc0339,Dufresny,Le dédit,1719,Comédie,vers,1710s
tc0461,tc0461,La fontaine,Ragotin ou le roman comique,(non représentée),Comédie,vers,(non représentée0s
tc0730,tc0730,Scarron,Le prince corsaire,1658,Comédie,vers,1650s
tc0675,tc0675,Regnard,Les filles errantes,1690,Comédie,prose,1690s
tc0754,tc0754,Tristan l_hermite,La mort de sénèque,1644,Tragédie,vers,1640s
tc0293,tc0293,Dancourt,Le prix de l'arquebuse,1717,Comédie,mixte,1710s
tc0280,tc0280,Dancourt,L'impromptu de garnison,1692,Comédie,prose,1690s
tc0775,tc0775,Voltaire,L'enfant prodigue,1736,Comédie,vers,1730s
tc0749,tc0749,Taconet,Nostradamus,1756,Parodie,vers,1750s
tc0170,tc0170,Corneille,Clitandre,1632,Tragédie,vers,1630s
tc0020,tc0020,Archambault,Les étrennes de l'amitié,1780,Comédie,vers,1780s
tc0457,tc0457,La fontaine,Daphné,(non représentée),Opéra,vers,(non représentée0s
tc0079,tc0079,Boucher,Champagne le coiffeur,1662,Comédie,vers,1660s
tc0543,tc0543,Mathieu,La magicienne étrangère,(non représentée),Tragédie,vers,(non représentée0s
tc0098,tc0098,Boyer,Judith,1695,Tragédie,vers,1690s
tc0090,tc0090,Boursault,Les mots a la mode,1694,Comédie,vers,1690s
tc0435,tc0435,Hauteroche,Le cocher supposé,1684,Comédie,prose,1680s
tc0025,tc0025,Dorvigny,On fait ce qu'on peut,1779,Proverbe,prose,1770s
tc0789,tc0789,Voltaire,L'orphelin de la chine,1755,Tragédie,vers,1750s
tc0195,tc0195,Corneille,Tite et bérénice,1670,Comédie héroïque,vers,1670s
tc0650,tc0650,Racine,Alexandre le grand,1665,Tragédie,vers,1660s
tc0188,tc0188,Corneille,Rodogune,1644,Tragédie,vers,1640s
tc0013,tc0013,Anonyme,La matinée du comédien français,(inconnu),Proverbe,prose,(inconnu0s
tc0367,tc0367,Durant,Les jours se suivent et ne se ressemblent pas,(inconnue),Proverbe,prose,(inconnue0s
tc0759,tc0759,Vadé,L'impromptu du coeur,1757,Opéra comique,mixte,1750s
tc0489,tc0489,Le mierre,Artaxerce,1766,Tragédie,vers,1760s
tc0673,tc0673,Regnard,Le distrait,1697,Comédie,vers,1690s
tc0549,tc0549,Molière,L'amour médecin,n.av.,Comédie,prose,n.av0s
tc0702,tc0702,Rotrou,Hercule mourant,(inconnue),Tragédie,vers,(inconnue0s
tc0312,tc0312,Desjardins,Manlius,1662,Tragi-comédie,vers,1660s
tc0715,tc0715,Saint-aignan,La mort de louis xvi,(non représentée),Tragédie,vers,(non représentée0s
tc0695,tc0695,Rotrou,Agesilan de colchos,1635,Tragi-comédie,vers,1630s
tc0644,tc0644,Quinault,Persée,1682,Opéra,vers,1680s
tc0093,tc0093,Boyer,Agamemnon,1647,Tragédie,vers,1640s
tc0099,tc0099,Boyer,Lisimène ou la jeune bergère,1695,Pastorale,vers,1690s
tc0564,tc0564,Moliere,Le festin de pierre,1665,Comédie,prose,1660s
tc0142,tc0142,Carmontelle,Le seigneur auteur,n.av.,Proverbe,prose,n.av0s
tc0614,tc0614,Piron,L'école des pères ou les fils ingrats,1728,Comédie,vers,1720s
tc0000,tc0000,Abeille,Lyncée,1678,Tragédie,vers,1670s
tc0213,tc0213,Corneille,Le feint astrologue,1648,Comédie,vers,1640s
tc0463,tc0463,n.av.,La querelle des théâtres,1710,Prologue,vers,1710s
tc0355,tc0355,n.av.,La baguette de vulcain,1693,Comédie,mixte,1690s
tc0191,tc0191,Corneille,La suite du menteur,1644,Comédie,vers,1640s
tc0184,tc0184,Corneille,Pertharite roi des lombards,1651,Tragédie,vers,1650s
tc0286,tc0286,Dancourt,La maison de campagne,1688,Comédie,prose,1680s
tc0275,tc0275,Dancourt,La foire saint germain,1697,Comédie,prose,1690s
tc0782,tc0782,Voltaire,Mérope,1743,Tragédie,vers,1740s
tc0387,tc0387,Du ryer,Thémistocle,1646,Tragédie,vers,1640s
tc0182,tc0182,Corneille,Oedipe,1659,Tragédie,vers,1650s
tc0255,tc0255,Dancourt,Les bourgeoises à la mode,1692,Comédie,prose,1690s
tc0538,tc0538,Marivaux,Les sincères,1739,Comédie,prose,1730s
tc0014,tc0014,Anonyme,Le portier du parnasse,(non représentée),Comédie,prose,(non représentée0s
tc0633,tc0633,Puget de la serre,Le sac de carthage,n.av.,Tragédie,prose,n.av0s
tc0041,tc0041,Beaumarchais,Le barbier de séville ou les précautions inutiles,1775,Comédie,mixte,1770s
tc0070,tc0070,Boissy,Le balillard,3618,Comédie,vers,3610s
tc0235,tc0235,Crébillon,Pyrrhus,1726,Tragédie,vers,1720s
tc0716,tc0716,Saint-evremond,La comédie des académiciens,(non représentée),Comédie,vers,(non représentée0s
tc0330,tc0330,Dorneval,Les couplets en procès,1730,Prologue,mixte,1730s
tc0006,tc0006,Soulas d'allainval,L'école des bourgeois,1728,Comédie,prose,1720s
tc0380,tc0380,Du ryer,Dynamis,1650,Tragi-comédie,vers,1650s
tc0053,tc0053,Biancolelli,L'école galante ou l'art d'aimer,1710,Comédie,vers,1710s
tc0531,tc0531,Marivaux,Le petit maître corrigé,1734,Comédie,prose,1730s
tc0425,tc0425,Gueullette,Les fausses envies,1740,Farce,prose,1740s
tc0751,tc0751,(anonyme),Thélamire,1739,Tragédie,vers,1730s
tc0539,tc0539,Marivaux,La surprise de l'amour,1722,Comédie,prose,1720s
tc0407,tc0407,Gillet de la tessonerie,Le déniaisé,1647,Comédie,vers,1640s
tc0498,tc0498,Longepierre,Médée,1694,Tragédie,vers,1690s
tc0519,tc0519,Marivaux,Félicie,1750,Comédie,prose,1750s
tc0219,tc0219,Corneille,Maximian,1662,Tragédie,vers,1660s
tc0031,tc0031,Aure,Geneviève ou l'innocence reconnue,n.av.,Tragédie,vers,n.av0s
tc0039,tc0039,Barré,Le mariage de scarron,1797,Vaudeville,mixte,1790s
tc0694,tc0694,Rosimond,Le nouveau festin de pierre,1669,Tragi-comédie,vers,1660s
tc0619,tc0619,Plancher de valcour,La vengeance,1788,Comédie,prose,1780s
tc0172,tc0172,Corneille,La galerie du palais ou l'amie rivale,1633,Comédie,vers,1630s
tc0371,tc0371,Durant,Qui court deux lièvres n'en prend point,(non représentée),Proverbe,prose,(non représentée0s
tc0772,tc0772,Voltaire,Les deux tonneaux,(inconnue),Opéra comique,vers,(inconnue0s
tc0268,tc0268,Dancourt,Les enfants de paris,1699,Comédie,vers,1690s
tc0193,tc0193,Corneille,Surena géneral des parthes,1674,Tragédie,vers,1670s
tc0026,tc0026,Armand,Le cri de la nature,1669,Comédie,vers,1660s
tc0272,tc0272,Dancourt,La fête de village,1700,Comédie,prose,1700s
tc0502,tc0502,Magnon,Séjanus,1644,Tragédie,vers,1640s
tc0102,tc0102,Boyer,La porcie romaine,1645,Tragédie,vers,1640s
tc0411,tc0411,Goulard,Agis,n.av.,Parodie,vers,n.av0s
tc0497,tc0497,Linant,Alzaïde,1745,Tragédie,vers,1740s
tc0687,tc0687,Restif de le bretonne,Le jugement de pâris,n.av.,Comédie,prose,n.av0s
tc0385,tc0385,Du ryer,Saül,1640,Tragédie,vers,1640s
tc0790,tc0790,Voltaire,Pandore,1767,Opéra,vers,1760s
tc0640,tc0640,Quinault,Le fantome amoureux,1659,Tragi-comédie,vers,1650s
tc0620,tc0620,Poinsinet de sivry,Ajax,1762,Tragédie,vers,1760s
tc0254,tc0254,Dancourt,Le bon soldat ,1693,Comédie,vers,1690s
tc0083,tc0083,Boursault,Ésope à la cour,1701,Comédie héroïque,vers,1700s
tc0714,tc0714,Saint-aignan,Le martyre de marie-antoinette d'autriche,(non représentée),Tragédie,vers,(non représentée0s
tc0046,tc0046,Beaunoir,Vénus pélerine,1779,Comédie,vers,1770s
tc0161,tc0161,Colle,Cocatrix,1731,Comédie,vers,1730s
tc0516,tc0516,Marivaux,L'épreuve,1740,Comédie,mixte,1740s
tc0088,tc0088,Boursault,Le médecin volant,1694,Comédie,vers,1690s
tc0045,tc0045,Beaunoir,Le sculpteur,1784,Comédie,prose,1780s
tc0652,tc0652,Racine,Andromaque,1667,Tragédie,vers,1660s
tc0205,tc0205,Corneille,Le charme de la voix,1653,Comédie,vers,1650s
tc0621,tc0621,Poinsinet de sivry,Le cercle,1764,Comédie,prose,1760s
tc0595,tc0595,Nivelle de la chaussée,La fausee antipathie,1744,Comédie,vers,1740s
tc0591,tc0591,Nadal,Saül,(non représentée),Tragédie,vers,(non représentée0s
tc0447,tc0447,La calprenede,Herménégilde,1643,Tragédie,prose,1640s
tc0670,tc0670,Regnard,Le carnaval de venise,1699,Ballet,vers,1690s
tc0736,tc0736,Scudery,Orante,1633,Tragi-comédie,vers,1630s
tc0561,tc0561,Molière,L'étourdi ou les contre-temps,1658,Comédie,vers,1650s
tc0458,tc0458,La fontaine,L'eunuque,(non représentée),Comédie,vers,(non représentée0s
tc0459,tc0459,La fontaine,Le florentin,1685,Comédie,vers,1680s
tc0381,tc0381,Du ryer,Esther,1640,Tragédie,vers,1640s
tc0414,tc0414,Gudin de la brenellerie,Lothaire,1768,Tragédie,vers,1760s
tc0231,tc0231,Crébillon,Atrée et thyeste,1707,Tragédie,vers,1700s
tc0196,tc0196,Corneille,La conquête de la toison d'or,1661,Tragédie,vers,1660s
tc0500,tc0500,Magnon,Josaphat,1644,Tragi-comédie,vers,1640s
tc0258,tc0258,Dancourt,Le chevalier à la mode,1687,Comédie,prose,1680s
tc0537,tc0537,Marivaux,Les serments indiscrets,1732,Comédie,prose,1730s
tc0740,tc0740,Sedaine,Le manteau écarlate ou le reve supposé,1784,Proverbe,prose,1780s
tc0125,tc0125,Carmontelle,L'auteur avantageux,1768,Proverbe,prose,1760s
tc0799,tc0799,Voltaire,Tancrède,1765,Tragédie,vers,1760s
tc0302,tc0302,Dancourt,Le vert-galant,1699,Comédie,prose,1690s
tc0417,tc0417,Guerin de bouscal,Le fils désavoué,1645,Tragi-comédie,vers,1640s
tc0232,tc0232,Crébillon,Catilina,1748,Tragédie,vers,1740s
tc0154,tc0154,Champmeslé,Les fragments de molière,1674,Comédie,prose,1670s
tc0712,tc0712,Rousseau,La ceinture magique,1701,Comédie,prose,1700s
tc0717,tc0717,Saint-priest,Le pot au noir et  le pot aux roses ou daphnis et hortense,1789,Pastorale,mixte,1780s
tc0171,tc0171,Corneille,Don sanche d'aragon,1649,Comédie héroïque,vers,1640s
tc0588,tc0588,Nadal,Mariamne,1725,Tragédie,vers,1720s
tc0108,tc0108,n.av.,L'avocat patelin,1706,Comédie,prose,1700s
tc0378,tc0378,Du ryer,Bérénice,1644,Tragi-comédie,prose,1640s
tc0239,tc0239,Crébillon,La nuit et le moment ou les matines de cythère,(non représentée),Dialogue,prose,(non représentée0s
tc0334,tc0334,Du bosc de montandre,La balance d'état,1652,Tragi-comédie,vers,1650s
tc0523,tc0523,Marivaux,L'île de la raison ou les petits hommes,1727,Comédie,prose,1720s
tc0674,tc0674,Regnard,Le divorce,1688,Comédie,prose,1680s
tc0567,tc0567,Moliere,L'impromptu de versailles,1663,Comédie,prose,1660s
tc0552,tc0552,Molière,Le bourgeois gentilhomme,n.av.,Comédie-ballet,mixte,n.av0s
tc0699,tc0699,Rotrou,Cléagénor et doristée,1634,Pastorale,vers,1630s
tc0456,tc0456,La fontaine,Climène,(non représentée),Comédie,vers,(non représentée0s
tc0469,tc0469,La harpe,Mélanie ou la religieuse,1792,Drame,vers,1790s
tc0260,tc0260,Dancourt,La comédie des comédiens,1710,Comédie,mixte,1710s
tc0263,tc0263,Dancourt,La désolation des joueuses,1687,Comédie,prose,1680s
tc0747,tc0747,Taconet,Les écosseuses de la halle,1767,Ambigu poissard,vers,1760s
tc0328,tc0328,Dorneval,Le jugement de pâris,1718,Prologue,mixte,1710s
tc0774,tc0774,Voltaire,Le duc d'alençon ou les frères ennemis,1751,Tragédie,vers,1750s
tc0333,tc0333,Gazon-doruxigné,Alzate ou le le préjugé détruit,1749,Pièce,vers ,1740s
tc0072,tc0072,Boissy,Le français à londres,1727,Comédie,prose,1720s
tc0221,tc0221,Corneille,La mort d'annibal,1669,Tragédie,vers,1660s
tc0010,tc0010,(anonyme),Les bonnes gens,(non représentée),Comédie,vers,(non représentée0s
tc0524,tc0524,Marivaux,L'ile des esclaves,1725,Comédie,prose,1720s
tc0173,tc0173,Corneille,Héraclius,1646,Tragédie,vers,1640s
tc0059,tc0059,Bideau de montigny,Sémiramis,(non représentée),Parodie,vers,(non représentée0s
tc0362,tc0362,Dupaty,Arlequin tout seul,1798,Comédie,mixte,1790s
tc0677,tc0677,Regnard,La critique de l'homme à bonnes fortunes,1690,Comédie,prose,1690s
tc0356,tc0356,Regnard,Les chinois,1692,Comédie,mixte,1690s
tc0623,tc0623,Poinsinet de sivry,Les philosophes de bois,1760,Comédie,vers,1760s
tc0659,tc0659,Racine,Mithridate,1673,Tragédie,vers,1670s
tc0656,tc0656,Racine,Britannicus,1669,Tragédie,vers,1660s
tc0575,tc0575,Molière,Monsieur de pourceaugnac,1669,Comédie-ballet,mixte,1660s
tc0606,tc0606,Palissot de montenoy,Ninus second,1761,Tragédie,vers,1760s
tc0089,tc0089,Boursault,Le mort vivant,1662,Comédie,vers,1660s
tc0151,tc0151,Chamfort,La jeune indienne,1764,Comédie,vers,1760s
tc0183,tc0183,Corneille,Othon,1664,Tragédie,vers,1660s
tc0234,tc0234,Crébillon,Idoménée,1705,Tragédie,vers,1700s
tc0118,tc0118,Campistron,Virginie,1693,Tragédie,vers,1690s
tc0600,tc0600,Ouzicourt,Bélisaire,(inconnue),Drame,vers,(inconnue0s
tc0207,tc0207,Corneille,Le comte d'essex,1678,Tragédie,vers,1670s
tc0307,tc0307,Desfontaines,L'illustre comédien,1635,Tragédie,vers,1630s
tc0472,tc0472,La harpe,Philoctète,1783,Tragédie,vers,1780s
tc0742,tc0742,Segur,Le fou par amour,1791,Drame,vers,1790s
tc0285,tc0285,Dancourt,Madame artus,1708,Comédie,vers,1700s
tc0218,tc0218,Corneille,L'inconnu,1675,Comédie,vers,1670s
tc0212,tc0212,Corneille,Les engagements du hasard,1649,Tragédie,vers,1640s
tc0305,tc0305,Desfontaines,Eurimédon ou l'illustre pirate,1635,Tragi-comédie,vers,1630s
tc0732,tc0732,Scudery,La comédie des comédiens,1634,Comédie,mixte,1630s
tc0332,tc0332,Dorneval,La reine du barostan,1730,Opéra comique,mixte,1730s
